model_id,accent_background,total_words,total_errors,hallucinations,faithful_dialect_variants,raw_wer,faithful_wer,dialect_penalty,hallucination_rate,normalization_overcorrection_rate,cause_distribution
naija-finetuned,hausa,1864,232,229,3,0.1245,0.1229,0.0016,0.9871,0.048,"{'phonetic': 203, 'noise': 15, 'dialect_normalization': 11}"
naija-finetuned,igbo,2104,220,211,9,0.1046,0.1003,0.0043,0.9591,0.1469,"{'phonetic': 168, 'dialect_normalization': 31, 'noise': 12}"
naija-finetuned,multilingual,549,38,37,1,0.0692,0.0674,0.0018,0.9737,0.027,"{'phonetic': 35, 'noise': 1, 'dialect_normalization': 1}"
naija-finetuned,pidgin,1385,130,128,2,0.0939,0.0924,0.0014,0.9846,0.0703,"{'phonetic': 106, 'noise': 13, 'dialect_normalization': 9}"
naija-finetuned,yoruba,1894,246,238,8,0.1299,0.1257,0.0042,0.9675,0.0546,"{'phonetic': 218, 'dialect_normalization': 13, 'noise': 7}"
whisper-large-v3,hausa,1889,811,811,0,0.4293,0.4293,0.0,1.0,0.1504,"{'phonetic': 649, 'dialect_normalization': 122, 'noise': 40}"
whisper-large-v3,igbo,2117,893,893,0,0.4218,0.4218,0.0,1.0,0.2195,"{'phonetic': 672, 'dialect_normalization': 196, 'noise': 25}"
whisper-large-v3,multilingual,559,204,204,0,0.3649,0.3649,0.0,1.0,0.2157,"{'phonetic': 149, 'dialect_normalization': 44, 'noise': 11}"
whisper-large-v3,pidgin,1406,567,567,0,0.4033,0.4033,0.0,1.0,0.2187,"{'phonetic': 409, 'dialect_normalization': 124, 'noise': 34}"
whisper-large-v3,yoruba,1923,834,834,0,0.4337,0.4337,0.0,1.0,0.1499,"{'phonetic': 673, 'dialect_normalization': 125, 'noise': 36}"
whisper-small,hausa,1906,950,950,0,0.4984,0.4984,0.0,1.0,0.12,"{'phonetic': 779, 'dialect_normalization': 114, 'noise': 57}"
whisper-small,igbo,2126,1059,1059,0,0.4981,0.4981,0.0,1.0,0.1605,"{'phonetic': 855, 'dialect_normalization': 170, 'noise': 34}"
whisper-small,multilingual,557,231,231,0,0.4147,0.4147,0.0,1.0,0.1515,"{'phonetic': 187, 'dialect_normalization': 35, 'noise': 9}"
whisper-small,pidgin,1415,641,641,0,0.453,0.453,0.0,1.0,0.1732,"{'phonetic': 487, 'dialect_normalization': 111, 'noise': 43}"
whisper-small,yoruba,1927,926,926,0,0.4805,0.4805,0.0,1.0,0.1393,"{'phonetic': 757, 'dialect_normalization': 129, 'noise': 40}"
